kb;geom_3068
1011;POLYGON((40000 12400, 41600 12400, 41600 10000, 40000 10000, 40000 12400))
1012;POLYGON((41600 12400, 43200 12400, 43200 10000, 41600 10000, 41600 12400))
1013;POLYGON((43200 12400, 44800 12400, 44800 10000, 43200 10000, 43200 12400))
1014;POLYGON((44800 12400, 46400 12400, 46400 10000, 44800 10000, 44800 12400))
1015;POLYGON((40000 14800, 41600 14800, 41600 12400, 40000 12400, 40000 14800))
1016;POLYGON((41600 14800, 43200 14800, 43200 12400, 41600 12400, 41600 14800))
1017;POLYGON((43200 14800, 44800 14800, 44800 12400, 43200 12400, 43200 14800))
1018;POLYGON((44800 14800, 46400 14800, 46400 12400, 44800 12400, 44800 14800))
1111;POLYGON((40000 17200, 41600 17200, 41600 14800, 40000 14800, 40000 17200))
1112;POLYGON((41600 17200, 43200 17200, 43200 14800, 41600 14800, 41600 17200))
1113;POLYGON((43200 17200, 44800 17200, 44800 14800, 43200 14800, 43200 17200))
1114;POLYGON((44800 17200, 46400 17200, 46400 14800, 44800 14800, 44800 17200))
1115;POLYGON((40000 19600, 41600 19600, 41600 17200, 40000 17200, 40000 19600))
1116;POLYGON((41600 19600, 43200 19600, 43200 17200, 41600 17200, 41600 19600))
1117;POLYGON((43200 19600, 44800 19600, 44800 17200, 43200 17200, 43200 19600))
1118;POLYGON((44800 19600, 46400 19600, 46400 17200, 44800 17200, 44800 19600))
1211;POLYGON((40000 22000, 41600 22000, 41600 19600, 40000 19600, 40000 22000))
1212;POLYGON((41600 22000, 43200 22000, 43200 19600, 41600 19600, 41600 22000))
1213;POLYGON((43200 22000, 44800 22000, 44800 19600, 43200 19600, 43200 22000))
1214;POLYGON((44800 22000, 46400 22000, 46400 19600, 44800 19600, 44800 22000))
1215;POLYGON((40000 24400, 41600 24400, 41600 22000, 40000 22000, 40000 24400))
1216;POLYGON((41600 24400, 43200 24400, 43200 22000, 41600 22000, 41600 24400))
1217;POLYGON((43200 24400, 44800 24400, 44800 22000, 43200 22000, 43200 24400))
1218;POLYGON((44800 24400, 46400 24400, 46400 22000, 44800 22000, 44800 24400))
1021;POLYGON((46400 12400, 48000 12400, 48000 10000, 46400 10000, 46400 12400))
1022;POLYGON((48000 12400, 49600 12400, 49600 10000, 48000 10000, 48000 12400))
1023;POLYGON((49600 12400, 51200 12400, 51200 10000, 49600 10000, 49600 12400))
1024;POLYGON((51200 12400, 52800 12400, 52800 10000, 51200 10000, 51200 12400))
1025;POLYGON((46400 14800, 48000 14800, 48000 12400, 46400 12400, 46400 14800))
1026;POLYGON((48000 14800, 49600 14800, 49600 12400, 48000 12400, 48000 14800))
1027;POLYGON((49600 14800, 51200 14800, 51200 12400, 49600 12400, 49600 14800))
1028;POLYGON((51200 14800, 52800 14800, 52800 12400, 51200 12400, 51200 14800))
1121;POLYGON((46400 17200, 48000 17200, 48000 14800, 46400 14800, 46400 17200))
1122;POLYGON((48000 17200, 49600 17200, 49600 14800, 48000 14800, 48000 17200))
1123;POLYGON((49600 17200, 51200 17200, 51200 14800, 49600 14800, 49600 17200))
1124;POLYGON((51200 17200, 52800 17200, 52800 14800, 51200 14800, 51200 17200))
1125;POLYGON((46400 19600, 48000 19600, 48000 17200, 46400 17200, 46400 19600))
1126;POLYGON((48000 19600, 49600 19600, 49600 17200, 48000 17200, 48000 19600))
1127;POLYGON((49600 19600, 51200 19600, 51200 17200, 49600 17200, 49600 19600))
1128;POLYGON((51200 19600, 52800 19600, 52800 17200, 51200 17200, 51200 19600))
1221;POLYGON((46400 22000, 48000 22000, 48000 19600, 46400 19600, 46400 22000))
1222;POLYGON((48000 22000, 49600 22000, 49600 19600, 48000 19600, 48000 22000))
1223;POLYGON((49600 22000, 51200 22000, 51200 19600, 49600 19600, 49600 22000))
1224;POLYGON((51200 22000, 52800 22000, 52800 19600, 51200 19600, 51200 22000))
1225;POLYGON((46400 24400, 48000 24400, 48000 22000, 46400 22000, 46400 24400))
1226;POLYGON((48000 24400, 49600 24400, 49600 22000, 48000 22000, 48000 24400))
1227;POLYGON((49600 24400, 51200 24400, 51200 22000, 49600 22000, 49600 24400))
1228;POLYGON((51200 24400, 52800 24400, 52800 22000, 51200 22000, 51200 24400))
2011;POLYGON((40000 10000, 41600 10000, 41600 7600, 40000 7600, 40000 10000))
2012;POLYGON((41600 10000, 43200 10000, 43200 7600, 41600 7600, 41600 10000))
2013;POLYGON((43200 10000, 44800 10000, 44800 7600, 43200 7600, 43200 10000))
2014;POLYGON((44800 10000, 46400 10000, 46400 7600, 44800 7600, 44800 10000))
2015;POLYGON((40000 7600, 41600 7600, 41600 5200, 40000 5200, 40000 7600))
2016;POLYGON((41600 7600, 43200 7600, 43200 5200, 41600 5200, 41600 7600))
2017;POLYGON((43200 7600, 44800 7600, 44800 5200, 43200 5200, 43200 7600))
2018;POLYGON((44800 7600, 46400 7600, 46400 5200, 44800 5200, 44800 7600))
2111;POLYGON((40000 5200, 41600 5200, 41600 2800, 40000 2800, 40000 5200))
2112;POLYGON((41600 5200, 43200 5200, 43200 2800, 41600 2800, 41600 5200))
2113;POLYGON((43200 5200, 44800 5200, 44800 2800, 43200 2800, 43200 5200))
2114;POLYGON((44800 5200, 46400 5200, 46400 2800, 44800 2800, 44800 5200))
2115;POLYGON((40000 2800, 41600 2800, 41600 400, 40000 400, 40000 2800))
2116;POLYGON((41600 2800, 43200 2800, 43200 400, 41600 400, 41600 2800))
2117;POLYGON((43200 2800, 44800 2800, 44800 400, 43200 400, 43200 2800))
2118;POLYGON((44800 2800, 46400 2800, 46400 400, 44800 400, 44800 2800))
2021;POLYGON((46400 10000, 48000 10000, 48000 7600, 46400 7600, 46400 10000))
2022;POLYGON((48000 10000, 49600 10000, 49600 7600, 48000 7600, 48000 10000))
2023;POLYGON((49600 10000, 51200 10000, 51200 7600, 49600 7600, 49600 10000))
2024;POLYGON((51200 10000, 52800 10000, 52800 7600, 51200 7600, 51200 10000))
2025;POLYGON((46400 7600, 48000 7600, 48000 5200, 46400 5200, 46400 7600))
2026;POLYGON((48000 7600, 49600 7600, 49600 5200, 48000 5200, 48000 7600))
2027;POLYGON((49600 7600, 51200 7600, 51200 5200, 49600 5200, 49600 7600))
2028;POLYGON((51200 7600, 52800 7600, 52800 5200, 51200 5200, 51200 7600))
2121;POLYGON((46400 5200, 48000 5200, 48000 2800, 46400 2800, 46400 5200))
2122;POLYGON((48000 5200, 49600 5200, 49600 2800, 48000 2800, 48000 5200))
2123;POLYGON((49600 5200, 51200 5200, 51200 2800, 49600 2800, 49600 5200))
2124;POLYGON((51200 5200, 52800 5200, 52800 2800, 51200 2800, 51200 5200))
2125;POLYGON((46400 2800, 48000 2800, 48000 400, 46400 400, 46400 2800))
2126;POLYGON((48000 2800, 49600 2800, 49600 400, 48000 400, 48000 2800))
2127;POLYGON((49600 2800, 51200 2800, 51200 400, 49600 400, 49600 2800))
2128;POLYGON((51200 2800, 52800 2800, 52800 400, 51200 400, 51200 2800))
3011;POLYGON((38400 10000, 40000 10000, 40000 7600, 38400 7600, 38400 10000))
3012;POLYGON((36800 10000, 38400 10000, 38400 7600, 36800 7600, 36800 10000))
3013;POLYGON((35200 10000, 36800 10000, 36800 7600, 35200 7600, 35200 10000))
3014;POLYGON((33600 10000, 35200 10000, 35200 7600, 33600 7600, 33600 10000))
3015;POLYGON((40000 7600, 38400 7600, 38400 5200, 40000 5200, 40000 7600))
3016;POLYGON((36800 7600, 38400 7600, 38400 5200, 36800 5200, 36800 7600))
3017;POLYGON((35200 7600, 36800 7600, 36800 5200, 35200 5200, 35200 7600))
3018;POLYGON((33600 7600, 35200 7600, 35200 5200, 33600 5200, 33600 7600))
3111;POLYGON((38400 5200, 40000 5200, 40000 2800, 38400 2800, 38400 5200))
3112;POLYGON((36800 5200, 38400 5200, 38400 2800, 36800 2800, 36800 5200))
3113;POLYGON((35200 5200, 36800 5200, 36800 2800, 35200 2800, 35200 5200))
3114;POLYGON((33600 5200, 35200 5200, 35200 2800, 33600 2800, 33600 5200))
3115;POLYGON((40000 2800, 38400 2800, 38400 400, 40000 400, 40000 2800))
3116;POLYGON((36800 2800, 38400 2800, 38400 400, 36800 400, 36800 2800))
3117;POLYGON((35200 2800, 36800 2800, 36800 400, 35200 400, 35200 2800))
3118;POLYGON((33600 2800, 35200 2800, 35200 400, 33600 400, 33600 2800))
3021;POLYGON((32000 10000, 33600 10000, 33600 7600, 32000 7600, 32000 10000))
3022;POLYGON((30400 10000, 32000 10000, 32000 7600, 30400 7600, 30400 10000))
3023;POLYGON((28800 10000, 30400 10000, 30400 7600, 28800 7600, 28800 10000))
3024;POLYGON((27200 10000, 28800 10000, 28800 7600, 27200 7600, 27200 10000))
3025;POLYGON((33600 7600, 32000 7600, 32000 5200, 33600 5200, 33600 7600))
3026;POLYGON((30400 7600, 32000 7600, 32000 5200, 30400 5200, 30400 7600))
3027;POLYGON((28800 7600, 30400 7600, 30400 5200, 28800 5200, 28800 7600))
3028;POLYGON((27200 7600, 28800 7600, 28800 5200, 27200 5200, 27200 7600))
3121;POLYGON((32000 5200, 33600 5200, 33600 2800, 32000 2800, 32000 5200))
3122;POLYGON((30400 5200, 32000 5200, 32000 2800, 30400 2800, 30400 5200))
3123;POLYGON((28800 5200, 30400 5200, 30400 2800, 28800 2800, 28800 5200))
3124;POLYGON((27200 5200, 28800 5200, 28800 2800, 27200 2800, 27200 5200))
3125;POLYGON((33600 2800, 32000 2800, 32000 400, 33600 400, 33600 2800))
3126;POLYGON((30400 2800, 32000 2800, 32000 400, 30400 400, 30400 2800))
3127;POLYGON((28800 2800, 30400 2800, 30400 400, 28800 400, 28800 2800))
3128;POLYGON((27200 2800, 28800 2800, 28800 400, 27200 400, 27200 2800))
3031;POLYGON((25600 10000, 27200 10000, 27200 7600, 25600 7600, 25600 10000))
3032;POLYGON((24000 10000, 25600 10000, 25600 7600, 24000 7600, 24000 10000))
3033;POLYGON((22400 10000, 24000 10000, 24000 7600, 22400 7600, 22400 10000))
3034;POLYGON((20800 10000, 22400 10000, 22400 7600, 20800 7600, 20800 10000))
3035;POLYGON((27200 7600, 25600 7600, 25600 5200, 27200 5200, 27200 7600))
3036;POLYGON((24000 7600, 25600 7600, 25600 5200, 24000 5200, 24000 7600))
3037;POLYGON((22400 7600, 24000 7600, 24000 5200, 22400 5200, 22400 7600))
3038;POLYGON((20800 7600, 22400 7600, 22400 5200, 20800 5200, 20800 7600))
3131;POLYGON((25600 5200, 27200 5200, 27200 2800, 25600 2800, 25600 5200))
3132;POLYGON((24000 5200, 25600 5200, 25600 2800, 24000 2800, 24000 5200))
3133;POLYGON((22400 5200, 24000 5200, 24000 2800, 22400 2800, 22400 5200))
3134;POLYGON((20800 5200, 22400 5200, 22400 2800, 20800 2800, 20800 5200))
3135;POLYGON((27200 2800, 25600 2800, 25600 400, 27200 400, 27200 2800))
3136;POLYGON((24000 2800, 25600 2800, 25600 400, 24000 400, 24000 2800))
3137;POLYGON((22400 2800, 24000 2800, 24000 400, 22400 400, 22400 2800))
3138;POLYGON((20800 2800, 22400 2800, 22400 400, 20800 400, 20800 2800))
3041;POLYGON((19200 10000, 20800 10000, 20800 7600, 19200 7600, 19200 10000))
3042;POLYGON((17600 10000, 19200 10000, 19200 7600, 17600 7600, 17600 10000))
3043;POLYGON((16000 10000, 17600 10000, 17600 7600, 16000 7600, 16000 10000))
3044;POLYGON((14400 10000, 16000 10000, 16000 7600, 14400 7600, 14400 10000))
3045;POLYGON((20800 7600, 19200 7600, 19200 5200, 20800 5200, 20800 7600))
3046;POLYGON((17600 7600, 19200 7600, 19200 5200, 17600 5200, 17600 7600))
3047;POLYGON((16000 7600, 17600 7600, 17600 5200, 16000 5200, 16000 7600))
3048;POLYGON((14400 7600, 16000 7600, 16000 5200, 14400 5200, 14400 7600))
3141;POLYGON((19200 5200, 20800 5200, 20800 2800, 19200 2800, 19200 5200))
3142;POLYGON((17600 5200, 19200 5200, 19200 2800, 17600 2800, 17600 5200))
3143;POLYGON((16000 5200, 17600 5200, 17600 2800, 16000 2800, 16000 5200))
3144;POLYGON((14400 5200, 16000 5200, 16000 2800, 14400 2800, 14400 5200))
3145;POLYGON((20800 2800, 19200 2800, 19200 400, 20800 400, 20800 2800))
3146;POLYGON((17600 2800, 19200 2800, 19200 400, 17600 400, 17600 2800))
3147;POLYGON((16000 2800, 17600 2800, 17600 400, 16000 400, 16000 2800))
3148;POLYGON((14400 2800, 16000 2800, 16000 400, 14400 400, 14400 2800))
3051;POLYGON((12800 10000, 14400 10000, 14400 7600, 12800 7600, 12800 10000))
3052;POLYGON((11200 10000, 12800 10000, 12800 7600, 11200 7600, 11200 10000))
3053;POLYGON((9600 10000, 11200 10000, 11200 7600, 9600 7600, 9600 10000))
3054;POLYGON((8000 10000, 9600 10000, 9600 7600, 8000 7600, 8000 10000))
3055;POLYGON((14400 7600, 12800 7600, 12800 5200, 14400 5200, 14400 7600))
3056;POLYGON((11200 7600, 12800 7600, 12800 5200, 11200 5200, 11200 7600))
3057;POLYGON((9600 7600, 11200 7600, 11200 5200, 9600 5200, 9600 7600))
3058;POLYGON((8000 7600, 9600 7600, 9600 5200, 8000 5200, 8000 7600))
3151;POLYGON((12800 5200, 14400 5200, 14400 2800, 12800 2800, 12800 5200))
3152;POLYGON((11200 5200, 12800 5200, 12800 2800, 11200 2800, 11200 5200))
3153;POLYGON((9600 5200, 11200 5200, 11200 2800, 9600 2800, 9600 5200))
3154;POLYGON((8000 5200, 9600 5200, 9600 2800, 8000 2800, 8000 5200))
3155;POLYGON((14400 2800, 12800 2800, 12800 400, 14400 400, 14400 2800))
3156;POLYGON((11200 2800, 12800 2800, 12800 400, 11200 400, 11200 2800))
3157;POLYGON((9600 2800, 11200 2800, 11200 400, 9600 400, 9600 2800))
3158;POLYGON((8000 2800, 9600 2800, 9600 400, 8000 400, 8000 2800))
3061;POLYGON((6400 10000, 8000 10000, 8000 7600, 6400 7600, 6400 10000))
3062;POLYGON((4800 10000, 6400 10000, 6400 7600, 4800 7600, 4800 10000))
3063;POLYGON((3200 10000, 4800 10000, 4800 7600, 3200 7600, 3200 10000))
3064;POLYGON((1600 10000, 3200 10000, 3200 7600, 1600 7600, 1600 10000))
3065;POLYGON((8000 7600, 6400 7600, 6400 5200, 8000 5200, 8000 7600))
3066;POLYGON((4800 7600, 6400 7600, 6400 5200, 4800 5200, 4800 7600))
3067;POLYGON((3200 7600, 4800 7600, 4800 5200, 3200 5200, 3200 7600))
3068;POLYGON((1600 7600, 3200 7600, 3200 5200, 1600 5200, 1600 7600))
3161;POLYGON((6400 5200, 8000 5200, 8000 2800, 6400 2800, 6400 5200))
3162;POLYGON((4800 5200, 6400 5200, 6400 2800, 4800 2800, 4800 5200))
3163;POLYGON((3200 5200, 4800 5200, 4800 2800, 3200 2800, 3200 5200))
3164;POLYGON((1600 5200, 3200 5200, 3200 2800, 1600 2800, 1600 5200))
3165;POLYGON((8000 2800, 6400 2800, 6400 400, 8000 400, 8000 2800))
3166;POLYGON((4800 2800, 6400 2800, 6400 400, 4800 400, 4800 2800))
3167;POLYGON((3200 2800, 4800 2800, 4800 400, 3200 400, 3200 2800))
3168;POLYGON((1600 2800, 3200 2800, 3200 400, 1600 400, 1600 2800))
4011;POLYGON((38400 10000, 40000 10000, 40000 12400, 38400 12400, 38400 10000))
4012;POLYGON((36800 10000, 38400 10000, 38400 12400, 36800 12400, 36800 10000))
4013;POLYGON((35200 10000, 36800 10000, 36800 12400, 35200 12400, 35200 10000))
4014;POLYGON((33600 10000, 35200 10000, 35200 12400, 33600 12400, 33600 10000))
4015;POLYGON((40000 12400, 38400 12400, 38400 14800, 40000 14800, 40000 12400))
4016;POLYGON((36800 12400, 38400 12400, 38400 14800, 36800 14800, 36800 12400))
4017;POLYGON((35200 12400, 36800 12400, 36800 14800, 35200 14800, 35200 12400))
4018;POLYGON((33600 12400, 35200 12400, 35200 14800, 33600 14800, 33600 12400))
4111;POLYGON((38400 14800, 40000 14800, 40000 17200, 38400 17200, 38400 14800))
4112;POLYGON((36800 14800, 38400 14800, 38400 17200, 36800 17200, 36800 14800))
4113;POLYGON((35200 14800, 36800 14800, 36800 17200, 35200 17200, 35200 14800))
4114;POLYGON((33600 14800, 35200 14800, 35200 17200, 33600 17200, 33600 14800))
4115;POLYGON((40000 17200, 38400 17200, 38400 19600, 40000 19600, 40000 17200))
4116;POLYGON((36800 17200, 38400 17200, 38400 19600, 36800 19600, 36800 17200))
4117;POLYGON((35200 17200, 36800 17200, 36800 19600, 35200 19600, 35200 17200))
4118;POLYGON((33600 17200, 35200 17200, 35200 19600, 33600 19600, 33600 17200))
4211;POLYGON((38400 19600, 40000 19600, 40000 22000, 38400 22000, 38400 19600))
4212;POLYGON((36800 19600, 38400 19600, 38400 22000, 36800 22000, 36800 19600))
4213;POLYGON((35200 19600, 36800 19600, 36800 22000, 35200 22000, 35200 19600))
4214;POLYGON((33600 19600, 35200 19600, 35200 22000, 33600 22000, 33600 19600))
4215;POLYGON((40000 22000, 38400 22000, 38400 24400, 40000 24400, 40000 22000))
4216;POLYGON((36800 22000, 38400 22000, 38400 24400, 36800 24400, 36800 22000))
4217;POLYGON((35200 22000, 36800 22000, 36800 24400, 35200 24400, 35200 22000))
4218;POLYGON((33600 22000, 35200 22000, 35200 24400, 33600 24400, 33600 22000))
4311;POLYGON((38400 24400, 40000 24400, 40000 26800, 38400 26800, 38400 24400))
4312;POLYGON((36800 24400, 38400 24400, 38400 26800, 36800 26800, 36800 24400))
4313;POLYGON((35200 24400, 36800 24400, 36800 26800, 35200 26800, 35200 24400))
4314;POLYGON((33600 24400, 35200 24400, 35200 26800, 33600 26800, 33600 24400))
4315;POLYGON((40000 26800, 38400 26800, 38400 29200, 40000 29200, 40000 26800))
4316;POLYGON((36800 26800, 38400 26800, 38400 29200, 36800 29200, 36800 26800))
4317;POLYGON((35200 26800, 36800 26800, 36800 29200, 35200 29200, 35200 26800))
4318;POLYGON((33600 26800, 35200 26800, 35200 29200, 33600 29200, 33600 26800))
4411;POLYGON((38400 29200, 40000 29200, 40000 31600, 38400 31600, 38400 29200))
4412;POLYGON((36800 29200, 38400 29200, 38400 31600, 36800 31600, 36800 29200))
4413;POLYGON((35200 29200, 36800 29200, 36800 31600, 35200 31600, 35200 29200))
4414;POLYGON((33600 29200, 35200 29200, 35200 31600, 33600 31600, 33600 29200))
4415;POLYGON((40000 31600, 38400 31600, 38400 34000, 40000 34000, 40000 31600))
4416;POLYGON((36800 31600, 38400 31600, 38400 34000, 36800 34000, 36800 31600))
4417;POLYGON((35200 31600, 36800 31600, 36800 34000, 35200 34000, 35200 31600))
4418;POLYGON((33600 31600, 35200 31600, 35200 34000, 33600 34000, 33600 31600))
4511;POLYGON((38400 34000, 40000 34000, 40000 36400, 38400 36400, 38400 34000))
4512;POLYGON((36800 34000, 38400 34000, 38400 36400, 36800 36400, 36800 34000))
4513;POLYGON((35200 34000, 36800 34000, 36800 36400, 35200 36400, 35200 34000))
4514;POLYGON((33600 34000, 35200 34000, 35200 36400, 33600 36400, 33600 34000))
4515;POLYGON((40000 36400, 38400 36400, 38400 38800, 40000 38800, 40000 36400))
4516;POLYGON((36800 36400, 38400 36400, 38400 38800, 36800 38800, 36800 36400))
4517;POLYGON((35200 36400, 36800 36400, 36800 38800, 35200 38800, 35200 36400))
4518;POLYGON((33600 36400, 35200 36400, 35200 38800, 33600 38800, 33600 36400))
4021;POLYGON((32000 10000, 33600 10000, 33600 12400, 32000 12400, 32000 10000))
4022;POLYGON((30400 10000, 32000 10000, 32000 12400, 30400 12400, 30400 10000))
4023;POLYGON((28800 10000, 30400 10000, 30400 12400, 28800 12400, 28800 10000))
4024;POLYGON((27200 10000, 28800 10000, 28800 12400, 27200 12400, 27200 10000))
4025;POLYGON((33600 12400, 32000 12400, 32000 14800, 33600 14800, 33600 12400))
4026;POLYGON((30400 12400, 32000 12400, 32000 14800, 30400 14800, 30400 12400))
4027;POLYGON((28800 12400, 30400 12400, 30400 14800, 28800 14800, 28800 12400))
4028;POLYGON((27200 12400, 28800 12400, 28800 14800, 27200 14800, 27200 12400))
4121;POLYGON((32000 14800, 33600 14800, 33600 17200, 32000 17200, 32000 14800))
4122;POLYGON((30400 14800, 32000 14800, 32000 17200, 30400 17200, 30400 14800))
4123;POLYGON((28800 14800, 30400 14800, 30400 17200, 28800 17200, 28800 14800))
4124;POLYGON((27200 14800, 28800 14800, 28800 17200, 27200 17200, 27200 14800))
4125;POLYGON((33600 17200, 32000 17200, 32000 19600, 33600 19600, 33600 17200))
4126;POLYGON((30400 17200, 32000 17200, 32000 19600, 30400 19600, 30400 17200))
4127;POLYGON((28800 17200, 30400 17200, 30400 19600, 28800 19600, 28800 17200))
4128;POLYGON((27200 17200, 28800 17200, 28800 19600, 27200 19600, 27200 17200))
4221;POLYGON((32000 19600, 33600 19600, 33600 22000, 32000 22000, 32000 19600))
4222;POLYGON((30400 19600, 32000 19600, 32000 22000, 30400 22000, 30400 19600))
4223;POLYGON((28800 19600, 30400 19600, 30400 22000, 28800 22000, 28800 19600))
4224;POLYGON((27200 19600, 28800 19600, 28800 22000, 27200 22000, 27200 19600))
4225;POLYGON((33600 22000, 32000 22000, 32000 24400, 33600 24400, 33600 22000))
4226;POLYGON((30400 22000, 32000 22000, 32000 24400, 30400 24400, 30400 22000))
4227;POLYGON((28800 22000, 30400 22000, 30400 24400, 28800 24400, 28800 22000))
4228;POLYGON((27200 22000, 28800 22000, 28800 24400, 27200 24400, 27200 22000))
4321;POLYGON((32000 24400, 33600 24400, 33600 26800, 32000 26800, 32000 24400))
4322;POLYGON((30400 24400, 32000 24400, 32000 26800, 30400 26800, 30400 24400))
4323;POLYGON((28800 24400, 30400 24400, 30400 26800, 28800 26800, 28800 24400))
4324;POLYGON((27200 24400, 28800 24400, 28800 26800, 27200 26800, 27200 24400))
4325;POLYGON((33600 26800, 32000 26800, 32000 29200, 33600 29200, 33600 26800))
4326;POLYGON((30400 26800, 32000 26800, 32000 29200, 30400 29200, 30400 26800))
4327;POLYGON((28800 26800, 30400 26800, 30400 29200, 28800 29200, 28800 26800))
4328;POLYGON((27200 26800, 28800 26800, 28800 29200, 27200 29200, 27200 26800))
4421;POLYGON((32000 29200, 33600 29200, 33600 31600, 32000 31600, 32000 29200))
4422;POLYGON((30400 29200, 32000 29200, 32000 31600, 30400 31600, 30400 29200))
4423;POLYGON((28800 29200, 30400 29200, 30400 31600, 28800 31600, 28800 29200))
4424;POLYGON((27200 29200, 28800 29200, 28800 31600, 27200 31600, 27200 29200))
4425;POLYGON((33600 31600, 32000 31600, 32000 34000, 33600 34000, 33600 31600))
4426;POLYGON((30400 31600, 32000 31600, 32000 34000, 30400 34000, 30400 31600))
4427;POLYGON((28800 31600, 30400 31600, 30400 34000, 28800 34000, 28800 31600))
4428;POLYGON((27200 31600, 28800 31600, 28800 34000, 27200 34000, 27200 31600))
4521;POLYGON((32000 34000, 33600 34000, 33600 36400, 32000 36400, 32000 34000))
4522;POLYGON((30400 34000, 32000 34000, 32000 36400, 30400 36400, 30400 34000))
4523;POLYGON((28800 34000, 30400 34000, 30400 36400, 28800 36400, 28800 34000))
4524;POLYGON((27200 34000, 28800 34000, 28800 36400, 27200 36400, 27200 34000))
4525;POLYGON((33600 36400, 32000 36400, 32000 38800, 33600 38800, 33600 36400))
4526;POLYGON((30400 36400, 32000 36400, 32000 38800, 30400 38800, 30400 36400))
4527;POLYGON((28800 36400, 30400 36400, 30400 38800, 28800 38800, 28800 36400))
4528;POLYGON((27200 36400, 28800 36400, 28800 38800, 27200 38800, 27200 36400))
4031;POLYGON((25600 10000, 27200 10000, 27200 12400, 25600 12400, 25600 10000))
4032;POLYGON((24000 10000, 25600 10000, 25600 12400, 24000 12400, 24000 10000))
4033;POLYGON((22400 10000, 24000 10000, 24000 12400, 22400 12400, 22400 10000))
4034;POLYGON((20800 10000, 22400 10000, 22400 12400, 20800 12400, 20800 10000))
4035;POLYGON((27200 12400, 25600 12400, 25600 14800, 27200 14800, 27200 12400))
4036;POLYGON((24000 12400, 25600 12400, 25600 14800, 24000 14800, 24000 12400))
4037;POLYGON((22400 12400, 24000 12400, 24000 14800, 22400 14800, 22400 12400))
4038;POLYGON((20800 12400, 22400 12400, 22400 14800, 20800 14800, 20800 12400))
4131;POLYGON((25600 14800, 27200 14800, 27200 17200, 25600 17200, 25600 14800))
4132;POLYGON((24000 14800, 25600 14800, 25600 17200, 24000 17200, 24000 14800))
4133;POLYGON((22400 14800, 24000 14800, 24000 17200, 22400 17200, 22400 14800))
4134;POLYGON((20800 14800, 22400 14800, 22400 17200, 20800 17200, 20800 14800))
4135;POLYGON((27200 17200, 25600 17200, 25600 19600, 27200 19600, 27200 17200))
4136;POLYGON((24000 17200, 25600 17200, 25600 19600, 24000 19600, 24000 17200))
4137;POLYGON((22400 17200, 24000 17200, 24000 19600, 22400 19600, 22400 17200))
4138;POLYGON((20800 17200, 22400 17200, 22400 19600, 20800 19600, 20800 17200))
4231;POLYGON((25600 19600, 27200 19600, 27200 22000, 25600 22000, 25600 19600))
4232;POLYGON((24000 19600, 25600 19600, 25600 22000, 24000 22000, 24000 19600))
4233;POLYGON((22400 19600, 24000 19600, 24000 22000, 22400 22000, 22400 19600))
4234;POLYGON((20800 19600, 22400 19600, 22400 22000, 20800 22000, 20800 19600))
4235;POLYGON((27200 22000, 25600 22000, 25600 24400, 27200 24400, 27200 22000))
4236;POLYGON((24000 22000, 25600 22000, 25600 24400, 24000 24400, 24000 22000))
4237;POLYGON((22400 22000, 24000 22000, 24000 24400, 22400 24400, 22400 22000))
4238;POLYGON((20800 22000, 22400 22000, 22400 24400, 20800 24400, 20800 22000))
4331;POLYGON((25600 24400, 27200 24400, 27200 26800, 25600 26800, 25600 24400))
4332;POLYGON((24000 24400, 25600 24400, 25600 26800, 24000 26800, 24000 24400))
4333;POLYGON((22400 24400, 24000 24400, 24000 26800, 22400 26800, 22400 24400))
4334;POLYGON((20800 24400, 22400 24400, 22400 26800, 20800 26800, 20800 24400))
4335;POLYGON((27200 26800, 25600 26800, 25600 29200, 27200 29200, 27200 26800))
4336;POLYGON((24000 26800, 25600 26800, 25600 29200, 24000 29200, 24000 26800))
4337;POLYGON((22400 26800, 24000 26800, 24000 29200, 22400 29200, 22400 26800))
4338;POLYGON((20800 26800, 22400 26800, 22400 29200, 20800 29200, 20800 26800))
4431;POLYGON((25600 29200, 27200 29200, 27200 31600, 25600 31600, 25600 29200))
4432;POLYGON((24000 29200, 25600 29200, 25600 31600, 24000 31600, 24000 29200))
4433;POLYGON((22400 29200, 24000 29200, 24000 31600, 22400 31600, 22400 29200))
4434;POLYGON((20800 29200, 22400 29200, 22400 31600, 20800 31600, 20800 29200))
4435;POLYGON((27200 31600, 25600 31600, 25600 34000, 27200 34000, 27200 31600))
4436;POLYGON((24000 31600, 25600 31600, 25600 34000, 24000 34000, 24000 31600))
4437;POLYGON((22400 31600, 24000 31600, 24000 34000, 22400 34000, 22400 31600))
4438;POLYGON((20800 31600, 22400 31600, 22400 34000, 20800 34000, 20800 31600))
4531;POLYGON((25600 34000, 27200 34000, 27200 36400, 25600 36400, 25600 34000))
4532;POLYGON((24000 34000, 25600 34000, 25600 36400, 24000 36400, 24000 34000))
4533;POLYGON((22400 34000, 24000 34000, 24000 36400, 22400 36400, 22400 34000))
4534;POLYGON((20800 34000, 22400 34000, 22400 36400, 20800 36400, 20800 34000))
4535;POLYGON((27200 36400, 25600 36400, 25600 38800, 27200 38800, 27200 36400))
4536;POLYGON((24000 36400, 25600 36400, 25600 38800, 24000 38800, 24000 36400))
4537;POLYGON((22400 36400, 24000 36400, 24000 38800, 22400 38800, 22400 36400))
4538;POLYGON((20800 36400, 22400 36400, 22400 38800, 20800 38800, 20800 36400))
4041;POLYGON((19200 10000, 20800 10000, 20800 12400, 19200 12400, 19200 10000))
4042;POLYGON((17600 10000, 19200 10000, 19200 12400, 17600 12400, 17600 10000))
4043;POLYGON((16000 10000, 17600 10000, 17600 12400, 16000 12400, 16000 10000))
4044;POLYGON((14400 10000, 16000 10000, 16000 12400, 14400 12400, 14400 10000))
4045;POLYGON((20800 12400, 19200 12400, 19200 14800, 20800 14800, 20800 12400))
4046;POLYGON((17600 12400, 19200 12400, 19200 14800, 17600 14800, 17600 12400))
4047;POLYGON((16000 12400, 17600 12400, 17600 14800, 16000 14800, 16000 12400))
4048;POLYGON((14400 12400, 16000 12400, 16000 14800, 14400 14800, 14400 12400))
4141;POLYGON((19200 14800, 20800 14800, 20800 17200, 19200 17200, 19200 14800))
4142;POLYGON((17600 14800, 19200 14800, 19200 17200, 17600 17200, 17600 14800))
4143;POLYGON((16000 14800, 17600 14800, 17600 17200, 16000 17200, 16000 14800))
4144;POLYGON((14400 14800, 16000 14800, 16000 17200, 14400 17200, 14400 14800))
4145;POLYGON((20800 17200, 19200 17200, 19200 19600, 20800 19600, 20800 17200))
4146;POLYGON((17600 17200, 19200 17200, 19200 19600, 17600 19600, 17600 17200))
4147;POLYGON((16000 17200, 17600 17200, 17600 19600, 16000 19600, 16000 17200))
4148;POLYGON((14400 17200, 16000 17200, 16000 19600, 14400 19600, 14400 17200))
4241;POLYGON((19200 19600, 20800 19600, 20800 22000, 19200 22000, 19200 19600))
4242;POLYGON((17600 19600, 19200 19600, 19200 22000, 17600 22000, 17600 19600))
4243;POLYGON((16000 19600, 17600 19600, 17600 22000, 16000 22000, 16000 19600))
4244;POLYGON((14400 19600, 16000 19600, 16000 22000, 14400 22000, 14400 19600))
4245;POLYGON((20800 22000, 19200 22000, 19200 24400, 20800 24400, 20800 22000))
4246;POLYGON((17600 22000, 19200 22000, 19200 24400, 17600 24400, 17600 22000))
4247;POLYGON((16000 22000, 17600 22000, 17600 24400, 16000 24400, 16000 22000))
4248;POLYGON((14400 22000, 16000 22000, 16000 24400, 14400 24400, 14400 22000))
4341;POLYGON((19200 24400, 20800 24400, 20800 26800, 19200 26800, 19200 24400))
4342;POLYGON((17600 24400, 19200 24400, 19200 26800, 17600 26800, 17600 24400))
4343;POLYGON((16000 24400, 17600 24400, 17600 26800, 16000 26800, 16000 24400))
4344;POLYGON((14400 24400, 16000 24400, 16000 26800, 14400 26800, 14400 24400))
4345;POLYGON((20800 26800, 19200 26800, 19200 29200, 20800 29200, 20800 26800))
4346;POLYGON((17600 26800, 19200 26800, 19200 29200, 17600 29200, 17600 26800))
4347;POLYGON((16000 26800, 17600 26800, 17600 29200, 16000 29200, 16000 26800))
4348;POLYGON((14400 26800, 16000 26800, 16000 29200, 14400 29200, 14400 26800))
4441;POLYGON((19200 29200, 20800 29200, 20800 31600, 19200 31600, 19200 29200))
4442;POLYGON((17600 29200, 19200 29200, 19200 31600, 17600 31600, 17600 29200))
4443;POLYGON((16000 29200, 17600 29200, 17600 31600, 16000 31600, 16000 29200))
4444;POLYGON((14400 29200, 16000 29200, 16000 31600, 14400 31600, 14400 29200))
4445;POLYGON((20800 31600, 19200 31600, 19200 34000, 20800 34000, 20800 31600))
4446;POLYGON((17600 31600, 19200 31600, 19200 34000, 17600 34000, 17600 31600))
4447;POLYGON((16000 31600, 17600 31600, 17600 34000, 16000 34000, 16000 31600))
4448;POLYGON((14400 31600, 16000 31600, 16000 34000, 14400 34000, 14400 31600))
4541;POLYGON((19200 34000, 20800 34000, 20800 36400, 19200 36400, 19200 34000))
4542;POLYGON((17600 34000, 19200 34000, 19200 36400, 17600 36400, 17600 34000))
4543;POLYGON((16000 34000, 17600 34000, 17600 36400, 16000 36400, 16000 34000))
4544;POLYGON((14400 34000, 16000 34000, 16000 36400, 14400 36400, 14400 34000))
4545;POLYGON((20800 36400, 19200 36400, 19200 38800, 20800 38800, 20800 36400))
4546;POLYGON((17600 36400, 19200 36400, 19200 38800, 17600 38800, 17600 36400))
4547;POLYGON((16000 36400, 17600 36400, 17600 38800, 16000 38800, 16000 36400))
4548;POLYGON((14400 36400, 16000 36400, 16000 38800, 14400 38800, 14400 36400))
4051;POLYGON((12800 10000, 14400 10000, 14400 12400, 12800 12400, 12800 10000))
4052;POLYGON((11200 10000, 12800 10000, 12800 12400, 11200 12400, 11200 10000))
4053;POLYGON((9600 10000, 11200 10000, 11200 12400, 9600 12400, 9600 10000))
4054;POLYGON((8000 10000, 9600 10000, 9600 12400, 8000 12400, 8000 10000))
4055;POLYGON((14400 12400, 12800 12400, 12800 14800, 14400 14800, 14400 12400))
4056;POLYGON((11200 12400, 12800 12400, 12800 14800, 11200 14800, 11200 12400))
4057;POLYGON((9600 12400, 11200 12400, 11200 14800, 9600 14800, 9600 12400))
4058;POLYGON((8000 12400, 9600 12400, 9600 14800, 8000 14800, 8000 12400))
4151;POLYGON((12800 14800, 14400 14800, 14400 17200, 12800 17200, 12800 14800))
4152;POLYGON((11200 14800, 12800 14800, 12800 17200, 11200 17200, 11200 14800))
4153;POLYGON((9600 14800, 11200 14800, 11200 17200, 9600 17200, 9600 14800))
4154;POLYGON((8000 14800, 9600 14800, 9600 17200, 8000 17200, 8000 14800))
4155;POLYGON((14400 17200, 12800 17200, 12800 19600, 14400 19600, 14400 17200))
4156;POLYGON((11200 17200, 12800 17200, 12800 19600, 11200 19600, 11200 17200))
4157;POLYGON((9600 17200, 11200 17200, 11200 19600, 9600 19600, 9600 17200))
4158;POLYGON((8000 17200, 9600 17200, 9600 19600, 8000 19600, 8000 17200))
4251;POLYGON((12800 19600, 14400 19600, 14400 22000, 12800 22000, 12800 19600))
4252;POLYGON((11200 19600, 12800 19600, 12800 22000, 11200 22000, 11200 19600))
4253;POLYGON((9600 19600, 11200 19600, 11200 22000, 9600 22000, 9600 19600))
4254;POLYGON((8000 19600, 9600 19600, 9600 22000, 8000 22000, 8000 19600))
4255;POLYGON((14400 22000, 12800 22000, 12800 24400, 14400 24400, 14400 22000))
4256;POLYGON((11200 22000, 12800 22000, 12800 24400, 11200 24400, 11200 22000))
4257;POLYGON((9600 22000, 11200 22000, 11200 24400, 9600 24400, 9600 22000))
4258;POLYGON((8000 22000, 9600 22000, 9600 24400, 8000 24400, 8000 22000))
4351;POLYGON((12800 24400, 14400 24400, 14400 26800, 12800 26800, 12800 24400))
4352;POLYGON((11200 24400, 12800 24400, 12800 26800, 11200 26800, 11200 24400))
4353;POLYGON((9600 24400, 11200 24400, 11200 26800, 9600 26800, 9600 24400))
4354;POLYGON((8000 24400, 9600 24400, 9600 26800, 8000 26800, 8000 24400))
4355;POLYGON((14400 26800, 12800 26800, 12800 29200, 14400 29200, 14400 26800))
4356;POLYGON((11200 26800, 12800 26800, 12800 29200, 11200 29200, 11200 26800))
4357;POLYGON((9600 26800, 11200 26800, 11200 29200, 9600 29200, 9600 26800))
4358;POLYGON((8000 26800, 9600 26800, 9600 29200, 8000 29200, 8000 26800))
4451;POLYGON((12800 29200, 14400 29200, 14400 31600, 12800 31600, 12800 29200))
4452;POLYGON((11200 29200, 12800 29200, 12800 31600, 11200 31600, 11200 29200))
4453;POLYGON((9600 29200, 11200 29200, 11200 31600, 9600 31600, 9600 29200))
4454;POLYGON((8000 29200, 9600 29200, 9600 31600, 8000 31600, 8000 29200))
4455;POLYGON((14400 31600, 12800 31600, 12800 34000, 14400 34000, 14400 31600))
4456;POLYGON((11200 31600, 12800 31600, 12800 34000, 11200 34000, 11200 31600))
4457;POLYGON((9600 31600, 11200 31600, 11200 34000, 9600 34000, 9600 31600))
4458;POLYGON((8000 31600, 9600 31600, 9600 34000, 8000 34000, 8000 31600))
4551;POLYGON((12800 34000, 14400 34000, 14400 36400, 12800 36400, 12800 34000))
4552;POLYGON((11200 34000, 12800 34000, 12800 36400, 11200 36400, 11200 34000))
4553;POLYGON((9600 34000, 11200 34000, 11200 36400, 9600 36400, 9600 34000))
4554;POLYGON((8000 34000, 9600 34000, 9600 36400, 8000 36400, 8000 34000))
4555;POLYGON((14400 36400, 12800 36400, 12800 38800, 14400 38800, 14400 36400))
4556;POLYGON((11200 36400, 12800 36400, 12800 38800, 11200 38800, 11200 36400))
4557;POLYGON((9600 36400, 11200 36400, 11200 38800, 9600 38800, 9600 36400))
4558;POLYGON((8000 36400, 9600 36400, 9600 38800, 8000 38800, 8000 36400))
4061;POLYGON((6400 10000, 8000 10000, 8000 12400, 6400 12400, 6400 10000))
4062;POLYGON((4800 10000, 6400 10000, 6400 12400, 4800 12400, 4800 10000))
4063;POLYGON((3200 10000, 4800 10000, 4800 12400, 3200 12400, 3200 10000))
4064;POLYGON((1600 10000, 3200 10000, 3200 12400, 1600 12400, 1600 10000))
4065;POLYGON((8000 12400, 6400 12400, 6400 14800, 8000 14800, 8000 12400))
4066;POLYGON((4800 12400, 6400 12400, 6400 14800, 4800 14800, 4800 12400))
4067;POLYGON((3200 12400, 4800 12400, 4800 14800, 3200 14800, 3200 12400))
4068;POLYGON((1600 12400, 3200 12400, 3200 14800, 1600 14800, 1600 12400))
4161;POLYGON((6400 14800, 8000 14800, 8000 17200, 6400 17200, 6400 14800))
4162;POLYGON((4800 14800, 6400 14800, 6400 17200, 4800 17200, 4800 14800))
4163;POLYGON((3200 14800, 4800 14800, 4800 17200, 3200 17200, 3200 14800))
4164;POLYGON((1600 14800, 3200 14800, 3200 17200, 1600 17200, 1600 14800))
4165;POLYGON((8000 17200, 6400 17200, 6400 19600, 8000 19600, 8000 17200))
4166;POLYGON((4800 17200, 6400 17200, 6400 19600, 4800 19600, 4800 17200))
4167;POLYGON((3200 17200, 4800 17200, 4800 19600, 3200 19600, 3200 17200))
4168;POLYGON((1600 17200, 3200 17200, 3200 19600, 1600 19600, 1600 17200))
4261;POLYGON((6400 19600, 8000 19600, 8000 22000, 6400 22000, 6400 19600))
4262;POLYGON((4800 19600, 6400 19600, 6400 22000, 4800 22000, 4800 19600))
4263;POLYGON((3200 19600, 4800 19600, 4800 22000, 3200 22000, 3200 19600))
4264;POLYGON((1600 19600, 3200 19600, 3200 22000, 1600 22000, 1600 19600))
4265;POLYGON((8000 22000, 6400 22000, 6400 24400, 8000 24400, 8000 22000))
4266;POLYGON((4800 22000, 6400 22000, 6400 24400, 4800 24400, 4800 22000))
4267;POLYGON((3200 22000, 4800 22000, 4800 24400, 3200 24400, 3200 22000))
4268;POLYGON((1600 22000, 3200 22000, 3200 24400, 1600 24400, 1600 22000))
4361;POLYGON((6400 24400, 8000 24400, 8000 26800, 6400 26800, 6400 24400))
4362;POLYGON((4800 24400, 6400 24400, 6400 26800, 4800 26800, 4800 24400))
4363;POLYGON((3200 24400, 4800 24400, 4800 26800, 3200 26800, 3200 24400))
4364;POLYGON((1600 24400, 3200 24400, 3200 26800, 1600 26800, 1600 24400))
4365;POLYGON((8000 26800, 6400 26800, 6400 29200, 8000 29200, 8000 26800))
4366;POLYGON((4800 26800, 6400 26800, 6400 29200, 4800 29200, 4800 26800))
4367;POLYGON((3200 26800, 4800 26800, 4800 29200, 3200 29200, 3200 26800))
4368;POLYGON((1600 26800, 3200 26800, 3200 29200, 1600 29200, 1600 26800))
4461;POLYGON((6400 29200, 8000 29200, 8000 31600, 6400 31600, 6400 29200))
4462;POLYGON((4800 29200, 6400 29200, 6400 31600, 4800 31600, 4800 29200))
4463;POLYGON((3200 29200, 4800 29200, 4800 31600, 3200 31600, 3200 29200))
4464;POLYGON((1600 29200, 3200 29200, 3200 31600, 1600 31600, 1600 29200))
4465;POLYGON((8000 31600, 6400 31600, 6400 34000, 8000 34000, 8000 31600))
4466;POLYGON((4800 31600, 6400 31600, 6400 34000, 4800 34000, 4800 31600))
4467;POLYGON((3200 31600, 4800 31600, 4800 34000, 3200 34000, 3200 31600))
4468;POLYGON((1600 31600, 3200 31600, 3200 34000, 1600 34000, 1600 31600))
4561;POLYGON((6400 34000, 8000 34000, 8000 36400, 6400 36400, 6400 34000))
4562;POLYGON((4800 34000, 6400 34000, 6400 36400, 4800 36400, 4800 34000))
4563;POLYGON((3200 34000, 4800 34000, 4800 36400, 3200 36400, 3200 34000))
4564;POLYGON((1600 34000, 3200 34000, 3200 36400, 1600 36400, 1600 34000))
4565;POLYGON((8000 36400, 6400 36400, 6400 38800, 8000 38800, 8000 36400))
4566;POLYGON((4800 36400, 6400 36400, 6400 38800, 4800 38800, 4800 36400))
4567;POLYGON((3200 36400, 4800 36400, 4800 38800, 3200 38800, 3200 36400))
4568;POLYGON((1600 36400, 3200 36400, 3200 38800, 1600 38800, 1600 36400))
